City,Cloudiness,Country,Max Temp,Wind Speed,Lat,Lng,Humidity,Date
Bonthe,11,SL,83.07,10.58,7.53,-12.5,71,1577385592.0
Omboue,90,GA,77.02,3.4,-1.57,9.26,90,1577385593.0
Mar del Plata,32,AR,73.2,21.65,-46.43,-67.52,27,1577385593.0
Padang,100,ID,68.58,2.68,-0.92,100.36,93,1577385593.0
Imeni Poliny Osipenko,99,RU,-15.47,1.95,52.42,136.49,97,1577385593.0
Maunatlala,16,BW,95,10.29,-22.6,27.63,30,1577385593.0
Ushuaia,40,AR,64.4,12.75,-54.81,-68.31,69,1577385593.0
Beyneu,100,KZ,44.1,7.14,45.32,55.19,53,1577385593.0
Flin Flon,90,CA,21.2,8.05,54.77,-101.88,92,1577385593.0
Talas,24,KG,34.99,6.76,42.52,72.24,15,1577385593.0
Torbay,90,CA,30.99,32.21,47.66,-52.73,86,1577385593.0
Punta Arenas,75,CL,60.8,14.99,-53.16,-70.91,47,1577385593.0
Ribeira Grande,75,PT,66.2,31.09,38.52,-28.7,82,1577385594.0
Canico,20,PT,71.01,13.87,32.63,-16.85,77,1577385594.0
Karratha,39,AU,88.72,16.06,-20.74,116.85,62,1577385594.0
Visnes,51,NO,33.8,3.36,59.36,5.22,100,1577385594.0
Atuona,29,PF,81.1,19.69,-9.8,-139.03,75,1577385594.0
San Quintin,100,PH,73.69,2.39,17.54,120.52,92,1577385594.0
Itacare,75,BR,84.2,5.82,-14.28,-39,70,1577385594.0
Abasolo,20,MX,71.6,4.7,20.45,-101.53,35,1577385594.0
Quchan,0,IR,39.04,9.06,37.11,58.51,38,1577385594.0
Klaksvik,100,FO,42.8,24.16,62.23,-6.59,81,1577385594.0
Rikitea,100,PF,73.67,11.54,-23.12,-134.97,89,1577385594.0
Port Alfred,56,ZA,68,5.99,-33.59,26.89,80,1577385595.0
Zvenigovo,30,RU,15.8,3.42,55.97,48.02,85,1577385595.0
Caravelas,100,BR,80.2,12.8,-17.73,-39.27,73,1577385595.0
San Cristobal,40,HN,79.79,4.05,14.68,-86.92,45,1577385595.0
Albany,90,US,41,7.9,42.65,-73.75,55,1577385315.0
Yongchang,0,CN,19.4,5.08,38.06,102.59,25,1577385595.0
Bethel,1,US,-14.8,5.82,60.79,-161.76,83,1577385571.0
Marienburg,75,DE,43,2.24,52.12,9.98,86,1577385595.0
Lavrentiya,18,RU,-10.08,9.4,65.58,-170.99,95,1577385595.0
Manado,20,ID,77,1.12,1.49,124.85,94,1577385382.0
Shingu,80,JP,59.34,23.64,33.72,135.99,77,1577385595.0
Tweed,90,CA,34,9.17,44.48,-77.31,55,1577385595.0
Mataura,100,NZ,52,8.01,-46.19,168.86,86,1577385596.0
Hilo,1,US,75,5.82,19.71,-155.08,78,1577385596.0
San Patricio,100,PY,101.97,1.9,-26.98,-56.83,32,1577385596.0
Avarua,18,CK,73.4,9.17,-21.21,-159.78,73,1577385596.0
Faanui,100,PF,76.91,13.62,-16.48,-151.75,81,1577385596.0
Mehamn,90,NO,30.2,17.22,71.03,27.85,86,1577385596.0
Matara,75,BI,75.2,2.24,-3.48,29.48,78,1577385418.0
Bredasdorp,67,ZA,59,14.99,-34.53,20.04,58,1577385596.0
Lebu,20,ET,60.8,11.41,8.96,38.73,63,1577385597.0
Butaritari,89,KI,83.88,11.65,3.07,172.79,79,1577385597.0
Vao,100,EE,32.14,5.55,59.1,26.19,90,1577385652.0
Vanavara,100,RU,-6.32,3.8,60.35,102.28,99,1577385653.0
Luderitz,11,NA,69.8,25.28,-26.65,15.16,56,1577385653.0
Dikson,96,RU,-16.35,10.31,73.51,80.55,98,1577385653.0
Hofn,100,IS,44.94,25.39,64.25,-15.21,82,1577385653.0
Pisco,21,PE,72,11.41,-13.71,-76.2,30,1577385643.0
Saint-Georges,57,CA,25,3,46.12,-70.67,64,1577385581.0
Ukiah,1,US,54,1.63,39.15,-123.21,86,1577385653.0
Jamestown,90,AU,76.28,15.93,-33.21,138.6,21,1577385653.0
Hami,4,CN,17.2,0.81,42.84,93.51,53,1577385653.0
Nishihara,90,JP,50,5.82,35.74,139.53,93,1577385653.0
Grindavik,90,IS,37.4,18.34,63.84,-22.43,93,1577385653.0
Nome,40,US,77,4.7,30.04,-94.42,53,1577385654.0
Manggar,49,ID,81.99,10.09,-2.88,108.27,80,1577385654.0
Lata,0,IN,6.87,16.26,30.78,78.62,16,1577385654.0
Aklavik,90,CA,-22,9.17,68.22,-135.01,67,1577385654.0
Kodiak,90,US,35.01,9.17,39.95,-94.76,59,1577385654.0
Busselton,100,AU,62.01,9.28,-33.64,115.35,61,1577385654.0
Tuktoyaktuk,20,CA,-23.8,9.17,69.44,-133.03,74,1577385654.0
Katsuura,40,JP,53.6,17.22,33.93,134.5,76,1577385654.0
Ardakan,0,IR,48.2,2.24,32.31,54.02,31,1577385654.0
Khatanga,100,RU,-24.23,3,71.98,102.47,97,1577385654.0
Nouadhibou,0,MR,71.6,13.87,20.93,-17.03,49,1577385654.0
Puerto Ayora,40,EC,84.2,11.41,-0.74,-90.35,62,1577385655.0
Vila Velha,6,BR,87.8,19.46,-3.71,-38.6,48,1577385655.0
Novyy Urengoy,0,RU,-19.35,4.41,66.08,76.63,98,1577385655.0
Margate,40,AU,52,6.93,-43.03,147.26,76,1577385655.0
Victoria,75,BN,78.8,5.97,5.28,115.24,88,1577385368.0
New Norfolk,40,AU,52,6.93,-42.78,147.06,76,1577385655.0
Huarmey,59,PE,80.98,11.16,-10.07,-78.15,49,1577385655.0
Traralgon,0,AU,51.01,1.99,-38.19,146.54,92,1577385655.0
Tasiilaq,100,GL,26.6,9.17,65.61,-37.64,38,1577385655.0
Carnarvon,0,ZA,63.05,18.39,-30.97,22.13,31,1577385655.0
Vaini,26,IN,69.12,1.7,15.34,74.49,88,1577385655.0
Avanigadda,40,IN,73.4,3.22,16.02,80.92,88,1577385656.0
Bati,83,ET,68.38,3.51,11.19,40.02,57,1577385656.0
Kavieng,100,PG,82.83,10.6,-2.57,150.8,76,1577385656.0
Kiunga,98,PG,73.17,1.57,-6.12,141.3,99,1577385656.0
Cape Town,20,ZA,62.01,13.87,-33.93,18.42,51,1577385602.0
Tuy Hoa,73,VN,76.35,21.92,13.08,109.3,77,1577385656.0
Necochea,73,AR,81,11.01,-38.55,-58.74,32,1577385656.0
Iquitos,75,PE,42.8,5.82,-3.75,-73.25,100,1577385656.0
Berlevag,100,NO,32.47,15.1,70.86,29.09,67,1577385656.0
Tiksi,100,RU,-25.42,2.84,71.64,128.87,99,1577385656.0
Redcliffe,40,AU,69.01,12.75,-31.94,115.94,77,1577385656.0
Kabwe,60,ZM,72.95,2.37,-14.44,28.44,73,1577385712.0
Sioux Lookout,90,CA,23,4.7,50.1,-91.92,85,1577385713.0
Esperance,90,AU,68,13.87,-33.86,121.89,88,1577385713.0
Uvira,100,CD,54.18,3.36,-3.41,29.14,96,1577385713.0
Pangnirtung,20,CA,8.6,2.24,66.15,-65.72,71,1577385713.0
Umm Lajj,0,SA,58.82,5.99,25.02,37.27,58,1577385713.0
Qaanaaq,91,GL,-1.23,7.31,77.48,-69.36,81,1577385713.0
Ipira,6,BR,90.66,5.1,-27.41,-51.77,34,1577385713.0
Turukhansk,100,RU,-20.54,1.79,65.8,87.96,99,1577385713.0
Saint-Philippe,40,CA,25,12.75,45.36,-73.48,67,1577385713.0
Mahebourg,75,MU,77,5.82,-20.41,57.7,100,1577385713.0
Barrow,95,AR,85.1,11.05,-38.31,-60.23,15,1577385714.0
Narsaq,82,GL,37.4,26.4,60.91,-46.05,25,1577385714.0
Arraial do Cabo,20,BR,82.4,26.4,-22.97,-42.02,78,1577385714.0
Salalah,7,OM,78.8,16.11,17.01,54.1,41,1577385714.0
Buraydah,0,SA,55.4,4.7,26.33,43.97,47,1577385714.0
Airai,84,TL,68.58,0.96,-8.93,125.41,93,1577385714.0
Pevek,100,RU,-13.36,3.6,69.7,170.27,96,1577385715.0
Kampot,20,KH,77,5.1,10.62,104.18,94,1577385715.0
Sangolqui,20,EC,78.8,8.05,-0.33,-78.45,27,1577385715.0
Mackay,5,CA,10.4,5.82,53.65,-115.58,66,1577385715.0
Pangoa,58,PE,89.53,1.52,-12.12,-73,56,1577385715.0
Castro,90,CL,57.2,14.99,-42.48,-73.76,82,1577385518.0
Hithadhoo,20,MV,82.83,3.49,-0.6,73.08,75,1577385716.0
Aguilas,68,ES,62.01,8.05,37.41,-1.58,63,1577385716.0
Yellowknife,75,CA,3.99,8.05,62.45,-114.38,77,1577385630.0
Fortuna,1,US,48,5.82,40.6,-124.16,100,1577385716.0
Nueva Imperial,90,CL,68,5.82,-38.75,-72.95,55,1577385716.0
Hobart,40,AU,52,6.93,-42.88,147.33,76,1577385716.0
Acapulco,20,MX,86,5.82,16.86,-99.88,70,1577385716.0
Gizo,75,IL,57.99,20.8,31.8,34.94,87,1577385717.0
Tilichiki,97,RU,-9,11.03,60.47,166.1,97,1577385717.0
Fountain Hills,20,US,60.01,5.66,33.61,-111.72,66,1577385717.0
Antalaha,100,MG,78.04,10.98,-14.9,50.28,93,1577385717.0
Rafraf,40,TN,60.8,12.75,37.19,10.18,87,1577385717.0
Goure,0,NE,73.99,11.01,13.98,10.27,17,1577385717.0
Bluff,0,AU,69.4,11.34,-23.58,149.07,77,1577385717.0
Svetlogorsk,68,RU,12.2,11.18,53.14,59.15,56,1577385717.0
Constitucion,90,MX,62.01,3.36,23.99,-104.67,31,1577385542.0
East London,20,ZA,68,3.36,-33.02,27.91,77,1577385718.0
Itacoatiara,97,BR,91.76,4.94,-3.14,-58.44,53,1577385464.0
Codrington,40,AU,68,3.51,-28.95,153.24,93,1577385772.0
Caramay,69,PH,74.46,3.31,10.18,119.24,89,1577385772.0
Krasnokholm,91,RU,18.07,10.6,51.6,54.16,93,1577385773.0
Fairbanks,90,US,-11.99,1.81,64.84,-147.72,75,1577385491.0
Moron,34,HT,80.1,17.11,18.56,-74.26,77,1577385773.0
Iqaluit,90,CA,10.4,6.93,63.75,-68.52,72,1577385773.0
Haines Junction,100,CA,20.08,7.63,60.75,-137.51,95,1577385773.0
Liwale,99,TZ,73.99,2.13,-9.8,37.92,92,1577385773.0
Saskylakh,0,RU,-33.52,7.07,71.97,114.09,97,1577385773.0
Pangai,75,TO,80.6,14.99,-19.8,-174.35,83,1577385773.0
Kapaa,1,US,70,6.93,22.08,-159.32,88,1577385773.0
Topolobampo,20,MX,71.01,9.17,25.6,-109.05,49,1577385773.0
Barentu,1,ER,67.08,10.92,15.11,37.59,68,1577385774.0
Chilca,75,PE,59,6.93,-13.22,-72.34,67,1577385774.0
Khvorostyanka,100,RU,21.79,5.77,52.62,48.95,95,1577385774.0
Cherskiy,0,RU,-34.26,6.46,68.75,161.3,93,1577385774.0
Kyzyl-Suu,25,KG,22.62,7,42.34,78,58,1577385774.0
Vestmannaeyjar,90,IS,42.8,43.62,63.44,-20.27,87,1577385774.0
Kalat,0,PK,39.36,1.45,29.03,66.58,28,1577385774.0
Santiago,100,PH,71.06,2.42,16.69,121.54,89,1577385577.0
Thompson,90,CA,14,4.7,55.74,-97.86,92,1577385725.0
Tiarei,75,PF,80.6,3.36,-17.53,-149.33,78,1577385775.0
Hermanus,43,ZA,57.99,3,-34.42,19.24,65,1577385775.0
Georgetown,40,GY,87.8,9.17,6.8,-58.16,70,1577385595.0
Sambava,100,MG,73.62,1.39,-14.27,50.17,98,1577385775.0
Grafton,75,AU,62.6,3.36,-29.69,152.93,93,1577385775.0
Pangody,82,RU,-15.21,4.68,65.85,74.49,98,1577385775.0
Mount Pleasant,40,US,72,4.7,33.16,-94.97,64,1577385775.0
Komsomolskiy,78,RU,-8.23,3.36,67.55,63.78,86,1577385775.0
Concarneau,90,FR,54,18.34,47.88,-3.92,87,1577385775.0
Noyabrsk,5,RU,-18.9,5.3,63.2,75.45,99,1577385775.0
Cidreira,20,BR,75.85,10.67,-30.17,-50.22,87,1577385775.0
Dubki,90,RU,41,8.95,43.02,46.84,86,1577385776.0
Bambous Virieux,75,MU,77,5.82,-20.34,57.76,100,1577385776.0
Constantine,23,DZ,46.4,10.29,36.36,6.61,75,1577385776.0
Longyearbyen,87,NO,8.6,2.24,78.22,15.63,84,1577385776.0
Saint George,40,GR,51.01,13.87,39.45,22.34,53,1577385776.0
Brooks,0,CA,9,3,50.57,-111.89,85,1577385776.0
Lismore,40,AU,68,10.71,-28.81,153.28,93,1577385776.0
Magadan,100,RU,-4.07,13.76,59.56,150.8,77,1577385833.0
Howard,75,US,26.6,17.22,44.01,-97.53,100,1577385833.0
The Valley,20,AI,82,9.17,18.22,-63.06,74,1577385648.0
La Romana,75,DO,82.4,6.93,18.43,-68.97,78,1577385833.0
Salta,75,AR,86,8.05,-24.79,-65.41,57,1577385736.0
Aykhal,100,RU,-32.8,4.47,65.95,111.51,73,1577385833.0
Ilulissat,0,GL,8.6,4.7,69.22,-51.1,39,1577385833.0
Bereda,0,ES,50,2.24,43.27,-7.54,76,1577385833.0
Farafangana,18,MG,81.12,13.31,-22.82,47.83,83,1577385833.0
Khromtau,100,KZ,19.04,9.06,50.26,58.44,96,1577385834.0
Port Elizabeth,1,US,51.8,4.68,39.31,-74.98,62,1577385569.0
Cabo San Lucas,40,MX,75.99,4.7,22.89,-109.91,68,1577385834.0
Barao de Melgaco,20,BR,95,10.29,-16.19,-55.97,34,1577385834.0
Derzhavinsk,100,KZ,21.72,7.96,51.1,66.31,72,1577385834.0
Taoudenni,0,ML,76.37,10.27,22.68,-3.98,10,1577385834.0
Guerrero Negro,53,MX,61.39,8.9,27.97,-114.04,53,1577385834.0
Azare,0,NG,74.14,9.06,11.67,10.19,19,1577385834.0
Basco,90,US,62.01,9.17,40.33,-91.2,100,1577385834.0
Alofi,100,NU,77,9.17,-19.06,-169.92,83,1577385710.0
Brae,100,GB,42.8,9.17,60.4,-1.35,86,1577385835.0
Warwick,75,US,44.01,8.05,41.7,-71.42,56,1577385835.0
Flinders,0,AU,69.01,6.96,-34.58,150.85,100,1577385835.0
Yar-Sale,98,RU,-12.48,8.1,66.83,70.83,95,1577385835.0
Along,64,IN,46.17,4.5,28.17,94.8,87,1577385835.0
Coquimbo,0,CL,75.99,14.99,-29.95,-71.34,68,1577385835.0
Neiafu,75,TO,80.6,9.17,-18.65,-173.98,78,1577385835.0
Catemaco,40,MX,77,11.41,18.42,-95.11,69,1577385835.0
Severo-Kurilsk,99,RU,21.13,10.16,50.68,156.12,89,1577385835.0
Nichinan,40,JP,51.8,23.04,31.65,131.31,62,1577385836.0
Chokurdakh,48,RU,-21.93,0.58,70.62,147.9,98,1577385836.0
Kempele,100,FI,19.4,8.05,64.91,25.51,85,1577385836.0
Sao Joao da Barra,40,BR,86,16.11,-21.64,-41.05,66,1577385836.0
Lagoa,100,PT,64.4,6.93,37.14,-8.45,68,1577385836.0
Naliya,0,IN,63.3,6.87,23.26,68.83,25,1577385836.0
Sitka,64,US,48.38,4.59,37.17,-99.65,36,1577385836.0
Sinnai,53,IT,57.2,5.82,39.3,9.2,87,1577385836.0
Waounde,0,SN,95,2.24,15.26,-12.87,23,1577385836.0
Carmen,40,PH,78.8,2.26,7.36,125.71,88,1577385837.0
Bulgan,100,MN,5.02,3.67,48.81,103.53,77,1577385837.0
Fort Frances,90,CA,32,4.7,48.61,-93.4,95,1577385837.0
Vila Franca do Campo,20,PT,66.2,20.8,37.72,-25.43,77,1577385837.0
Chapais,1,CA,10.4,8.05,49.78,-74.86,72,1577385837.0
Meulaboh,92,ID,81.45,6.76,4.14,96.13,77,1577385837.0
Mayumba,65,GA,79.95,9.78,-3.44,10.65,85,1577385837.0
Zyryanka,98,RU,-24.63,9.78,65.73,150.89,95,1577385892.0
Pasni,0,PK,62.78,0.49,25.26,63.48,41,1577385893.0
Saldanha,94,PT,44.64,7.47,41.42,-6.55,86,1577385893.0
Hirara,100,JP,66.13,30.67,24.8,125.28,76,1577385893.0
Richards Bay,100,ZA,75.58,5.66,-28.77,32.06,87,1577385893.0
Nuevo Progreso,90,US,79,9.17,26.05,-97.95,54,1577385893.0
Ramotswa,20,BW,84.2,6.93,-24.87,25.87,39,1577385893.0
Kawambwa,100,ZM,67.73,4.47,-9.8,29.07,95,1577385893.0
Azangaro,75,PE,62.6,2.24,-14.91,-70.2,36,1577385893.0
Dryden,90,CA,23,3.36,49.79,-92.84,92,1577385893.0
Hasaki,75,JP,46.4,5.82,35.73,140.83,93,1577385893.0
Barmer,0,IN,61.45,9.13,25.74,71.4,18,1577385893.0
Joao Pinheiro,36,BR,84.76,4.7,-17.74,-46.17,61,1577385894.0
Lao Cai,98,VN,55.69,2.35,22.48,103.95,88,1577385894.0
Nioro,0,GM,94.32,4.88,13.79,-15.05,5,1577385894.0
Sabang,100,PH,75,2.35,13.8,121.11,97,1577385894.0
Nizhniy Tsasuchey,99,RU,-8.86,2.01,50.52,115.13,92,1577385894.0
Ternate,40,PH,78.8,2.24,14.29,120.72,88,1577385894.0
Bandarbeyla,0,SO,77.49,26.11,9.49,50.81,72,1577385894.0
Kyela,100,MW,75.92,0.6,-9.6,33.87,79,1577385894.0
Vostok,62,RU,-16.83,2.68,46.45,135.83,96,1577385894.0
Mount Gambier,0,AU,46.4,6.93,-37.83,140.78,100,1577385663.0
Jizan,20,SA,78.8,4.7,16.89,42.56,78,1577385895.0
Wawa,4,NG,84.43,4.16,9.9,4.41,29,1577385895.0
Aracoiaba,1,BR,97.18,8.12,-4.37,-38.81,27,1577385895.0
Geraldton,90,CA,26.6,8.05,49.72,-86.95,92,1577385895.0
Bargur,39,IN,66.49,0.43,12.54,78.35,89,1577385895.0
Grenfell,0,AU,67.64,5.5,-33.9,148.16,55,1577385895.0
Kholm,75,AF,46.4,6.93,36.69,67.7,36,1577385895.0
Upernavik,72,GL,4.55,8.41,72.79,-56.15,74,1577385895.0
Banda Aceh,53,ID,72.77,4.38,5.56,95.32,91,1577385895.0
Ust-Tsilma,100,RU,9.63,4.94,65.44,52.15,95,1577385896.0
Ponta do Sol,39,BR,82.22,5.64,-20.63,-46,56,1577385896.0
Anadyr,1,RU,-25.01,4.47,64.73,177.51,67,1577385896.0
Velikiy Ustyug,62,RU,19.38,4.54,60.76,46.3,93,1577385896.0
Parabel,0,RU,-23.03,3.6,58.71,81.5,97,1577385896.0
Rioja,100,PE,71.83,0.43,-6.06,-77.17,95,1577385896.0
Saint-Denis,75,FR,51.01,6.93,48.94,2.36,87,1577385896.0
Nikolskoye,90,RU,34,6.71,59.7,30.79,86,1577385896.0
Ancud,90,CL,57.2,14.99,-41.87,-73.83,82,1577385897.0
Camacha,20,PT,66.2,10.29,33.08,-16.33,82,1577385897.0
Smolensk,100,RU,37.58,3.4,54.79,32.05,96,1577385897.0
Eyl,46,SO,78.71,24.43,7.98,49.82,62,1577385897.0
Evensk,17,RU,-10.64,15.32,61.92,159.24,72,1577385897.0
San Pedro,85,AR,82.99,5.01,-33.68,-59.66,61,1577385734.0
Lufilufi,90,WS,77,10.29,-13.87,-171.6,94,1577385897.0
Jiuquan,0,CN,13.78,5.08,39.73,98.49,34,1577385952.0
Minab,0,IR,60.8,4.7,27.15,57.07,59,1577385952.0
Saint-Leu,43,RE,80.6,5.82,-21.15,55.28,83,1577385953.0
Fukuma,75,JP,48.99,18.34,33.77,130.47,66,1577385953.0
Ayagoz,31,KZ,13.46,4.59,47.96,80.43,74,1577385953.0
Shizunai,99,JP,21.25,3.69,42.33,142.37,72,1577385953.0
Itarema,6,BR,91.08,15.95,-2.92,-39.92,43,1577385953.0
Sinjai,100,ID,83.07,5.61,-5.12,120.25,77,1577385953.0
Kavaratti,0,IN,83.12,2.71,10.57,72.64,68,1577385876.0
Avera,1,US,66.2,3.62,33.19,-82.53,55,1577385953.0
Praia da Vitoria,75,PT,64.4,36.35,38.73,-27.07,88,1577385954.0
Goderich,100,CA,45,5.01,43.74,-81.71,88,1577385954.0
Zeya,4,RU,-34.17,2.53,53.74,127.27,98,1577385954.0
Abu Samrah,70,SY,46.74,20.29,35.3,37.18,85,1577385954.0
Tual,28,ID,84.11,10.78,-5.67,132.75,78,1577385945.0
Tarakan,95,ID,75.58,11.01,3.3,117.63,96,1577385954.0
Livingston,90,US,66.99,3.29,32.58,-88.19,59,1577385954.0
Leningradskiy,100,RU,-14.73,9.91,69.38,178.42,90,1577385954.0
Coihaique,90,CL,59,4.7,-45.58,-72.07,58,1577385667.0
Beira,0,ES,52,2.24,43.2,-8.36,76,1577385955.0
Patos de Minas,56,BR,88,6.24,-18.6,-46.51,54,1577385955.0
Mangalia,40,RO,41,6.93,43.8,28.58,80,1577385955.0
College,90,US,-11.99,2.53,64.86,-147.8,75,1577385955.0
Soe,100,EE,33.01,8.05,57.91,26.05,93,1577385955.0
Macapa,40,BR,93.2,14.99,0.05,-51.07,59,1577385955.0
Roebourne,29,AU,92.61,4.29,-20.77,117.15,30,1577385955.0
Tyup,17,KG,17.67,4.36,42.73,78.36,37,1577385955.0
Coruripe,0,BR,81.28,15.05,-10.12,-36.18,72,1577385955.0
Gerede,100,TR,37.27,3.89,40.8,32.2,99,1577385906.0
Doka,0,SD,76.28,10.76,13.52,35.76,26,1577385955.0
Palestine,75,US,66.99,4.7,31.76,-95.63,82,1577385956.0
Klamath Falls,40,US,37,9.17,42.22,-121.78,55,1577385809.0
Roald,20,NO,35.6,5.82,62.58,6.12,70,1577385956.0
Jutai,77,BR,86.72,3.33,-1.71,-47.89,70,1577385956.0
Dongying,0,CN,30.9,4.99,37.43,118.67,37,1577385956.0
Kolondieba,56,ML,82.15,3,11.09,-6.89,9,1577385956.0
Provideniya,0,RU,-11.52,8.66,64.42,-173.23,80,1577385956.0
Andros Town,40,BS,78.8,14.99,24.73,-77.79,74,1577385956.0
Egvekinot,63,RU,-19.86,6.13,66.32,-179.17,92,1577385897.0
Zhigansk,97,RU,-33.11,4.97,66.77,123.37,91,1577385956.0
Sao Filipe,0,CV,75.96,13.76,14.9,-24.5,61,1577385956.0
Lahij,2,YE,76.71,2.71,13.06,44.88,64,1577385956.0
Canutama,94,BR,88.68,1.79,-6.53,-64.38,69,1577385957.0
Hwange,78,ZW,83.61,2.42,-18.35,26.5,45,1577385957.0
Rio Grande,100,BR,82.4,5.82,-32.03,-52.1,69,1577385753.0
Weyburn,0,CA,19,11.01,49.67,-103.85,80,1577385988.0
Palmer,74,AU,77,1.12,-34.85,139.16,49,1577386013.0
Daru,100,PG,76.33,2.24,-9.07,143.21,92,1577386013.0
Lalmohan,83,BD,63.41,7.94,22.34,90.74,50,1577386013.0
Guayaramerin,40,BO,89.6,6.93,-10.82,-65.36,62,1577386013.0
Okhotsk,7,RU,-15.68,17.98,59.36,143.24,65,1577386013.0
Kalanchak,96,UA,44.01,6.53,46.26,33.28,99,1577386013.0
Isangel,89,VU,75.2,11.41,-19.55,169.27,83,1577386013.0
Shimoda,90,JP,50,2.24,34.7,138.93,93,1577386013.0
Axim,85,GH,82.29,7.09,4.87,-2.24,69,1577386014.0
Ust-Karsk,61,RU,-19.52,1.25,52.71,118.82,97,1577386014.0
Amberieu-en-Bugey,75,FR,46.4,12.75,45.96,5.34,87,1577386014.0
Turinsk,99,RU,5.86,8.08,58.04,63.7,95,1577386014.0
Madang,97,CN,18.12,1.32,35.32,102.79,29,1577386014.0
Cayenne,75,GF,84.2,12.75,4.94,-52.33,79,1577386014.0
Sandakan,20,MY,75.2,7.4,5.84,118.12,100,1577386014.0
Touros,20,BR,87.8,17.22,-5.2,-35.46,48,1577386014.0
Kedrovyy,40,RU,-13,11.18,56.17,91.82,69,1577386015.0
Choix,21,MX,67.71,2.62,26.71,-108.33,66,1577386015.0
Nanortalik,57,GL,31.35,6.15,60.14,-45.24,51,1577385859.0
Khasan,59,RU,11.07,10.18,42.43,130.64,68,1577386015.0
Naze,14,NG,84.31,3.67,5.43,7.07,25,1577386015.0
Kirensk,100,RU,0.7,3.71,57.78,108.12,97,1577386015.0
Paamiut,44,GL,26.29,9.55,61.99,-49.67,41,1577386015.0
Teya,75,MX,81,2.42,21.05,-89.07,51,1577386015.0
Boa Vista,75,BR,89.6,6.93,2.82,-60.67,55,1577385827.0
Mezen,100,RU,10.63,10.07,65.85,44.24,94,1577386016.0
Tommot,94,RU,-16.71,3.04,58.97,126.27,97,1577385949.0
Lamu,0,CN,11.75,4.43,35.77,102.37,26,1577386016.0
Chitral,0,PK,12.33,11.86,35.85,71.79,16,1577386016.0
Praia,75,BR,89.6,10.29,-20.25,-43.81,42,1577386016.0
Nchelenge,99,ZM,74.39,2.86,-9.35,28.74,79,1577386016.0
Bayonet Point,90,US,79,6.93,28.33,-82.68,83,1577386016.0
Atar,0,MR,89.6,4.7,20.52,-13.05,14,1577385813.0
Baherden,0,TM,56.19,8.52,38.44,57.43,24,1577386016.0
Hobyo,0,SO,76.68,15.08,5.35,48.53,66,1577386016.0
Quatre Cocos,75,MU,77,5.82,-20.21,57.76,100,1577386017.0
Vardo,40,US,55.99,3.76,39.62,-77.74,53,1577386017.0
Ahipara,0,NZ,59,4,-35.17,173.16,100,1577386017.0
Yeppoon,14,AU,73.4,9.17,-23.13,150.74,73,1577386017.0
Anito,61,PH,82.15,13.11,12.45,125.29,79,1577386072.0
Bonavista,100,CA,30,24,48.65,-53.11,87,1577386072.0
Luganville,75,VU,77,2.24,-15.51,167.18,88,1577386073.0
Bathsheba,20,BB,86,13.87,13.22,-59.52,62,1577386073.0
Kathmandu,40,NP,39.2,2.24,27.71,85.32,93,1577386073.0
Norman Wells,75,CA,-23.8,3.36,65.28,-126.83,74,1577386073.0
Arrifes,20,PT,66.2,20.8,37.77,-25.7,77,1577386073.0
Knysna,90,ZA,59,12.75,-34.04,23.05,72,1577386073.0
Henties Bay,78,NA,63,5.01,-22.12,14.28,79,1577386073.0
Kuandian,0,CN,11.53,5.7,40.73,124.78,78,1577386073.0
Sivas,90,TR,32,8.05,39.75,37.01,93,1577385863.0
Tomatlan,0,MX,87.85,2.73,19.93,-105.25,31,1577386073.0
Muros,0,ES,55,4.7,42.77,-9.06,76,1577385872.0
Nueva Gerona,9,CU,77.04,10.74,21.88,-82.8,68,1577386074.0
Los Llanos de Aridane,0,ES,72,6.93,28.66,-17.92,40,1577386074.0
Kourou,75,GF,84.2,12.75,5.16,-52.64,79,1577386074.0
Umm Kaddadah,0,SD,66.33,13.4,13.6,26.69,20,1577385983.0
Aitape,100,PG,82.51,18.59,-3.15,142.36,80,1577386074.0
Tupik,30,RU,-29.47,0.85,54.43,119.94,94,1577386074.0
Waharoa,56,NZ,66,1.79,-37.76,175.76,97,1577386074.0
Half Moon Bay,1,US,54,11.41,37.46,-122.43,58,1577386009.0
Hamilton,90,CA,41,11.41,43.26,-79.87,86,1577386074.0
Buala,92,SB,77.85,4.07,-8.15,159.59,79,1577386074.0
Zelenoborsk,98,RU,-5.55,7.81,61.47,64.05,94,1577386075.0
Takoradi,78,GH,82.78,11.03,4.89,-1.75,72,1577386075.0
Kangaatsiaq,0,GL,12.15,9.44,68.31,-53.46,59,1577386075.0
Zhengjiatun,0,CN,-7.02,5.5,43.51,123.51,92,1577386075.0
Lompoc,1,US,54,4.83,34.64,-120.46,87,1577386075.0
Parkes,7,AU,73.81,12.17,-33.14,148.18,39,1577386075.0
Nizhnevartovsk,40,RU,-23.8,2.24,60.93,76.58,74,1577386075.0
Bubaque,0,GW,80.46,11.65,11.28,-15.83,67,1577386075.0
Uspenka,100,UA,41.16,2.37,48.39,39.16,88,1577386075.0
Cambridge,90,CA,39,8.05,43.39,-80.31,100,1577386061.0
Helong,2,CN,42.75,5.37,25.94,116.13,79,1577386075.0
Obo,28,CF,78.73,4.5,5.39,26.49,23,1577386075.0
Omsukchan,97,RU,-37.16,5.46,62.53,155.8,100,1577386076.0
Maceio,40,BR,86,14.99,-9.67,-35.74,55,1577385966.0
Karlstadt,90,DE,43,5.82,49.96,9.77,100,1577386076.0
Plover,90,US,35.6,11.41,44.46,-89.54,100,1577386076.0
Clyde River,1,CA,-9.4,3.36,70.47,-68.59,83,1577386076.0
Vestmanna,100,FO,42.8,24.16,62.16,-7.17,81,1577386076.0
Kibala,0,TD,82.4,4.83,9.11,18.35,34,1577386076.0
Sao Jose da Coroa Grande,2,BR,80.22,13.91,-8.9,-35.15,75,1577386076.0
Port Hardy,90,CA,41,20.8,50.7,-127.42,86,1577386076.0
Souillac,75,FR,53.01,8.05,45.6,-0.6,87,1577386076.0
Isiro,0,CD,72.91,1.79,2.77,27.62,50,1577385809.0
Verkhnevilyuysk,46,RU,-41.64,5.1,63.45,120.31,97,1577386077.0
Batagay-Alyta,99,RU,-32.98,2.93,67.8,130.41,100,1577386077.0
Ballina,75,IE,48.99,9.17,54.11,-9.15,100,1577385955.0
Diglur,95,IN,70.99,4.52,18.55,77.6,86,1577386132.0
Tautira,75,PF,80.6,3.36,-17.73,-149.15,78,1577386018.0
Saint-Augustin,75,CA,24.01,9.17,45.63,-73.98,67,1577385905.0
Inver Grove Heights,90,US,34,11.41,44.85,-93.04,80,1577386080.0
San Jeronimo,90,PE,37.4,13.87,-13.65,-73.37,100,1577386133.0
Guiong,40,PH,80.6,2.24,6.42,122.03,78,1577386133.0
Chatellerault,90,FR,51.01,9.17,46.8,0.53,93,1577386133.0
Polyarnyy,75,RU,21.2,2.24,69.2,33.45,92,1577386133.0
Ikovka,0,RU,3.7,5.95,55.61,64.94,84,1577386133.0
Lagos de Moreno,20,MX,71.6,4.7,21.36,-101.93,35,1577386133.0
Klyuchi,100,RU,13.3,3.29,52.25,79.17,95,1577386133.0
Miram Shah,0,PK,42.31,1.99,33.01,70.07,28,1577386133.0
Zaysan,90,KZ,4.73,2.08,47.47,84.87,94,1577386133.0
Kirakira,17,SB,74.57,4.38,-10.46,161.92,86,1577386134.0
Prince Rupert,90,CA,39.2,19.46,54.32,-130.32,86,1577386134.0
Morehead,90,US,60.8,5.82,38.18,-83.43,58,1577385877.0
Lekoni,29,GA,77.11,3.67,-1.58,14.26,79,1577386134.0
Litovko,0,RU,-18.06,1.43,49.24,135.18,97,1577386134.0
Pochutla,20,MX,89.01,9.17,15.74,-96.47,62,1577386134.0
Charters Towers,52,AU,70.74,10.85,-20.07,146.27,88,1577386134.0
Elizabeth City,1,US,64.99,3.36,36.3,-76.22,55,1577386134.0
Caraquet,1,CA,23,11.41,47.79,-64.94,53,1577386134.0
Yueyang,0,CN,40.21,3.67,29.36,113.12,57,1577386134.0
Xining,0,CN,12.18,4.76,36.62,101.77,28,1577386134.0
Orange,90,US,53.01,8.05,33.79,-117.85,87,1577385956.0
Plettenberg Bay,65,ZA,59.56,16.64,-34.05,23.37,80,1577385964.0
Beloha,33,MG,85.44,10.92,-25.17,45.06,49,1577386135.0
Atherton,100,AU,77,4.7,-17.27,145.48,78,1577386135.0
Tamandare,99,BR,74.05,0.69,-8.28,-70.75,97,1577386135.0
Dingle,26,PH,73.74,2.62,11,122.67,91,1577385853.0
Morant Bay,20,JM,86,8.05,17.88,-76.41,66,1577386135.0
Alice Springs,0,AU,78.8,4.7,-23.7,133.88,16,1577385929.0
Khor,3,RU,-19.07,0.81,47.88,134.96,97,1577386135.0
Carauari,57,BR,90.16,3.56,-4.88,-66.9,55,1577386135.0
Karabanovo,96,RU,28.8,2.24,56.31,38.7,79,1577386135.0
Bay Saint Louis,90,US,73,9.17,30.31,-89.33,73,1577386010.0
Broome,75,GB,46.99,11.41,52.47,1.45,93,1577386136.0
Bambanglipuro,100,ID,76.57,2.19,-7.95,110.28,83,1577386136.0
Whitecourt,5,CA,10.4,5.82,54.14,-115.68,66,1577385983.0
Paka,31,CF,78.58,1.39,4.15,15.03,30,1577386136.0
Dicabisagan,100,PH,77.58,2.26,17.08,122.42,82,1577386136.0
Denpasar,20,ID,82.4,1.12,-8.65,115.22,94,1577386136.0
Puerto Madryn,93,AR,79.7,21.03,-42.77,-65.04,19,1577385886.0
Koumac,0,NC,68.83,3,-20.56,164.28,86,1577386136.0
Kitui,38,KE,67.55,3.96,-1.37,38.02,92,1577386136.0
Rafaela,45,AR,86,1.99,-31.25,-61.49,47,1577386136.0
Pauini,95,BR,86.07,0.96,-7.71,-67,63,1577386136.0
Labuhan,96,ID,74.35,1.36,-2.54,115.51,91,1577386192.0
Northam,75,AU,69.01,8.05,-31.65,116.67,77,1577386193.0
Achim,88,DE,43,1.01,52.06,10.61,95,1577386193.0
Nieuwegein,75,NL,43,11.41,52.04,5.08,81,1577386193.0
Erdenet,100,MN,2.71,4.05,49.03,104.04,75,1577386193.0
Almeria,86,ES,57,1.12,36.84,-2.46,93,1577386193.0
Port Moresby,99,PG,79.84,0.94,-9.47,147.16,79,1577386193.0
Kampene,71,CD,70.36,1.66,-3.59,26.67,96,1577386193.0
Puerto Escondido,20,MX,82.4,6.93,15.86,-97.07,69,1577386193.0
Cabedelo,20,BR,86,16.11,-6.97,-34.84,55,1577386070.0
Belmonte,92,PT,51.01,4.68,40.36,-7.35,82,1577386194.0
Kabare,99,RW,53.73,2.82,-1.65,29.38,90,1577386194.0
Jackson,75,US,21.2,2.68,43.48,-110.76,67,1577386194.0
Khani,90,GE,57.2,6.93,41.96,42.96,44,1577386194.0
Podor,0,MR,91.4,5.1,16.65,-14.96,19,1577386194.0
Pak Phanang,27,TH,73.56,1.9,8.35,100.2,86,1577386194.0
Saint-Joseph,27,FR,53.01,3.36,43.56,6.97,93,1577386194.0
Bongandanga,40,CD,80.98,1.28,1.51,21.07,51,1577386194.0
Dhidhdhoo,3,MV,82.56,13.82,6.88,73.1,80,1577385956.0
Osvaldo Cruz,16,BR,95,4.7,-21.8,-50.88,28,1577386195.0
Kieta,100,PG,78.75,7.72,-6.22,155.63,77,1577386195.0
Qiqihar,0,CN,-11.34,2.98,47.35,123.91,87,1577386195.0
Menongue,74,AO,70.29,2.86,-14.66,17.68,67,1577386195.0
Oranjemund,0,ZA,62.51,16.37,-28.55,16.43,77,1577386195.0
Killybegs,90,IE,48.2,9.17,54.63,-8.45,100,1577386195.0
Luwuk,100,ID,82.42,7.2,-0.95,122.79,78,1577386195.0
Davila,20,PH,78.8,3.36,18.47,120.58,94,1577386195.0
Rochegda,100,RU,32.34,3.47,62.67,43.41,99,1577386195.0
Boddam,75,GB,42.8,5.82,57.47,-1.78,87,1577386196.0
Healdsburg,1,US,55.99,6.93,38.61,-122.87,70,1577386196.0
Saint-Pierre,97,FR,48,10.29,48.95,4.24,93,1577386006.0
Ballarat,0,AU,57,9.26,-37.56,143.86,78,1577386196.0
Pitimbu,20,BR,86,16.11,-7.47,-34.81,55,1577386196.0
Mastic Beach,90,US,46.4,5.82,40.77,-72.85,70,1577386196.0
Muisne,90,EC,84.2,8.05,0.61,-80.02,74,1577386196.0
Bilibino,17,RU,-30.75,0.49,68.06,166.44,100,1577386196.0
San Isidro,75,CR,80.6,13.87,10.02,-84.06,65,1577385926.0
Kathu,25,ZA,81,1.99,-27.7,23.05,12,1577386196.0
Santa Cruz,50,BR,93.52,13.73,-6.22,-36.02,34,1577386197.0
Boda,56,CF,81.25,3.22,4.32,17.47,22,1577386197.0
Yaan,6,NG,85.96,4.25,7.38,8.57,17,1577386197.0
Racine,1,US,61,9.17,42.73,-87.78,71,1577385922.0
Chuy,79,UY,81.91,4.05,-33.69,-53.46,60,1577386197.0
Diapaga,0,BF,79.99,6.13,12.07,1.79,12,1577386197.0
Texarkana,1,US,68,8.05,33.44,-94.04,64,1577386197.0
Rio do Sul,3,BR,93,2.42,-27.22,-49.64,99,1577386252.0
Koson,100,UZ,48.2,6.93,39.04,65.59,34,1577386253.0
Bandeirantes,6,BR,90.12,5.26,-23.11,-50.37,42,1577386253.0
Malindi,29,KE,77.04,6.51,-3.22,40.12,91,1577386253.0
Srednekolymsk,98,RU,-21.73,6.35,67.46,153.71,97,1577386253.0
Trelleborg,90,SE,36,10.29,55.38,13.15,100,1577386253.0
Diffa,0,NE,69.91,8.95,13.32,12.61,16,1577386253.0
Carutapera,83,BR,82.85,18.25,-1.2,-46.02,76,1577386254.0
Katherine,56,AU,86,13.87,-14.47,132.26,58,1577386254.0
Doba,0,ET,74.05,7.49,9.29,41.09,43,1577386254.0
Salym,0,RU,-18.13,2.62,60.06,71.48,98,1577386254.0
Adrar,0,DZ,69.8,12.75,27.87,-0.29,22,1577386254.0
Saint-Louis,0,SN,80.6,6.93,16.03,-16.5,44,1577385986.0
Kaitangata,100,NZ,51.01,4,-46.28,169.85,97,1577386255.0
Azul,39,AR,85.48,8.9,-36.78,-59.86,16,1577386255.0
Busca,55,IT,45,3.36,44.52,7.47,86,1577386255.0
Mabaruma,79,GY,86.54,3.85,8.2,-59.78,63,1577386255.0
Union,1,US,64,1.59,34.72,-81.62,38,1577386255.0
Loandjili,40,CG,78.8,2.24,-4.77,11.87,88,1577386255.0
Strathpeffer,20,GB,42.01,2.28,57.59,-4.54,100,1577386255.0
Guane,57,CU,77.77,10.94,22.2,-84.09,65,1577386255.0
Xichang,100,CN,24.01,4.07,27.88,102.25,92,1577386256.0
Safakulevo,50,RU,7.07,6.02,54.99,62.54,81,1577386256.0
Kudat,75,MY,77,5.82,6.89,116.84,94,1577386256.0
Khash,0,IR,50.59,5.46,28.22,61.21,25,1577386256.0
Urbano Santos,22,BR,92.93,4.41,-3.2,-43.39,45,1577386256.0
Newport,90,GB,53.01,9.17,51.59,-3,100,1577386092.0
Punta Alta,84,AR,95,3.36,-27.46,-55.82,50,1577385966.0
Vanimo,100,PG,81.99,14.54,-2.67,141.3,81,1577386256.0
Kodinsk,97,RU,-20.15,6.02,58.6,99.18,95,1577386256.0
Itupiranga,75,BR,82.4,3.36,-5.13,-49.33,88,1577386256.0
Lappeenranta,90,FI,30.99,8.05,61.06,28.19,92,1577386256.0
Amapa,20,HN,82.99,2.24,15.09,-87.97,51,1577386257.0
